,User,Relation
0,mdrq99,Non related
1,PLGuille,Non related
2,ojos_negros666,Non related
3,da_corix,Non related
4,bouziane_leila,Non related
5,apricotwic,Non related
6,AntCosmos,Non related
7,neptuno104,Non related
8,SobranManito,Followed by
9,Demonia6665,Non related
10,Hazzte81,Non related
11,joderyulisa1,Non related
12,WhatsGrindin,Non related
13,FudamPierce,Non related
14,samuss012,Non related
15,bbxikitolloron,Non related
16,Nayaraacruzzz,Non related
17,Bananapalmbay,Non related
18,Jesse__ct,Non related
19,miniWorls,Non related
20,noosferico,Non related
21,iukeidi,Non related
22,LauShady,Non related
23,VerifiedSinger,Non related
24,driflaked,Non related
25,highkiriku,Non related
26,ICBadThing,Non related
27,lativoproduce,Non related
28,enararichard,Non related
29,hertorious,Non related
30,Lex928922,Non related
31,withyout_,Non related
32,niicoobl,Non related
33,CanUnderg,Non related
34,MarinaHdezBr,Non related
35,arwenycr,Non related
36,uyqueboludaa,Non related
37,Aroamedina_,Non related
38,claaupm00,Non related
39,trabadisima,Non related
40,AlbaAdam_,Non related
41,sabrosonaxxx,Non related
42,Svorvon,Non related
43,YupiyuRS,Non related
44,deixona_,Non related
45,_celiarramos,Non related
46,yeri_may,Non related
47,ybs_im,Non related
48,aythamimn,Non related
49,DortaJaime,Non related
50,Laurs13411704,Non related
51,mariatorrentt,Non related
52,underthebridge9,Non related
53,hyugakumae,Non related
54,damarirguez_,Non related
55,arr3bato,Non related
56,mikebueeno,Non related
57,Good_KidGD,Non related
58,pililota_,Non related
59,meapiilas,Non related
60,J4NYE,Non related
61,AndImbr12,Non related
62,TriCoCoNuT,Non related
63,TengoUnHusky,Non related
64,basicoputo,Non related
65,liangnzl,Non related
66,yubbeli,Non related
67,melasudix,Non related
68,jameliahr_,Non related
69,juanmaperez_,Non related
70,palta_art,Non related
71,unairomee,Non related
72,illcluster,Non related
73,crzyparadise,Non related
74,moises87304454,Non related
75,aadryiano,Non related
76,og_ghen,Non related
77,mariaratru,Non related
78,vera_dune,Non related
79,MrDesgraciao,Non related
80,vj_ebooks,Followed by
81,nerearh00,Non related
82,noisetegoatgirl,Non related
83,akcbrising,Followed by
84,mighty_five,Non related
85,Pukermit,Non related
86,esponjosito_,Non related
87,binary_spain,Non related
88,imbabydre,Non related
89,Soru_Kujo,Non related
90,rociorta1,Non related
91,Dvckass2,Non related
92,alex_costp,Non related
93,UHHPELIGRO,Non related
94,enneaduoduo,Non related
95,ChinchetasL,Non related
96,vanessav_vp,Non related
97,Ainoaalb_,Non related
98,TimonMore,Non related
99,neoguanche,Non related
100,tahiicastell,Non related
101,Miguel_ancietaa,Non related
102,NaayAdey,Non related
103,MPatryse,Non related
104,maminaturaleza,Non related
105,Andreahdez99_,Non related
106,pene__vaginal,Non related
107,lemmuniverse,Non related
108,NayraDuque,Non related
109,SickBoySan,Non related
110,nxttu33,Non related
111,CorEHarDMeisteR,Non related
112,soyelcrowese,Non related
113,todxspresosloco,Non related
114,Shyrlox,Non related
115,infeernape,Non related
116,puutamalasuerte,Non related
117,jose_2_santos,Non related
118,JudithWeasley,Non related
119,crostuni,Non related
120,CholloLocura,Non related
121,MrRottenJack,Non related
122,RafaelRossello,Non related
123,KZam_8,Non related
124,marina_martinnn,Non related
125,cazandogangas,Non related
126,ineshaxis,Non related
127,OrtegaDacil,Non related
128,gxnagua,Non related
129,Kiripapaya,Non related
130,b0boalegre,Non related
131,anddi_tf,Non related
132,nmrqz_,Non related
133,aritorrees_,Non related
134,ccruiiz,Non related
135,smonroy_,Non related
136,ahqueturapeas,Non related
137,toxicitysar,Non related
138,scoopidiwoop,Followed by
139,ADHerndez,Non related
140,fuegonella,Non related
141,CESINFULL,Non related
142,LECanarias,Non related
143,EscobaEliptica,Non related
144,_solmorals,Non related
145,LePutevski,Non related
146,itsiri_,Non related
147,Sethenok,Non related
148,primatoteles,Non related
149,edueldelacasa,Non related
150,mojitocilantro,Non related
151,elGarbo2,Non related
152,AcarelisA,Non related
153,astrocetus,Non related
154,_elenaa_140,Non related
155,tillidie_1000,Non related
156,Adri_Gonzo,Non related
157,paugamxz,Non related
158,cerrolastetas,Non related
159,Androws_,Non related
160,lahoedetuhoe,Non related
161,Almogrote2,Non related
162,ceciestpasavf,Non related
163,noDexAllowed,Non related
164,arecucas,Non related
165,flejecalima,Non related
166,telabocaa,Non related
167,Crystal_venus23,Non related
168,platan0banan,Non related
169,bunnana99,Non related
170,al3xanther,Non related
171,bleuberrycake,Non related
172,velask,Non related
173,untaljuanmi,Non related
174,lxtxcx,Non related
175,GumersindoJudio,Non related
176,daaa12104997,Non related
177,ivanmarting96,Non related
178,meridiem___,Non related
179,SiamMallTF,Non related
180,canaryass,Non related
181,rubentolado,Non related
182,AndreaToledoo,Non related
183,itstitag,Non related
184,AndreaSanJuan98,Non related
185,potajedereggae,Non related
186,chiquitochavea,Non related
187,eerips,Non related
188,adriramosmejias,Non related
189,_Diensix,Non related
190,_NereaFuentes,Non related
191,AtteGoC,Non related
192,Samuel_Berruezo,Non related
193,skrrrrrrrrrrrct,Non related
194,obvio_el,Non related
195,Luciagutierrzz,Non related
196,fereriess,Non related
197,Neeestor08,Non related
198,alepnist,Non related
199,whiskyyelo,Non related
200,eleruizz,Non related
201,Papeee_16,Non related
202,wichislabe,Non related
203,Night_Girl99,Non related
204,lesliegpr,Non related
205,Maria_Astarloa,Non related
206,africonsia,Non related
207,trickiteazy,Non related
208,aguacatepacenar,Non related
209,Adaldiaz99,Non related
210,NdeeNegro,Non related
211,Ninedas,Non related
212,susotorres,Non related
213,NestorRgz,Non related
214,OR__IA,Non related
215,potajegofio,Non related
216,JuanMiguelBent3,Non related
217,ManuelH53100482,Non related
218,latel__,Non related
219,Kendricckmlrrr,Non related
220,adrianvllz,Non related
221,_quepesao,Non related
222,fisquitoo,Non related
223,luuu_garcia_,Non related
224,Mrtnz_A14,Non related
225,yen_mi1,Non related
226,trankilicese,Followed by
227,MundiSosa,Non related
228,NiaMyst,Non related
229,ossssquepaso,Non related
230,frvnxx,Non related
231,Masterdiselo,Non related
232,ParlemC,Non related
233,ChemicalMarta_,Non related
234,ObviouslyGab,Non related
235,auriwave,Non related
236,Pentarms,Non related
237,Javgat,Non related
238,picotress,Non related
239,aguiarrrandrea,Non related
240,FIXdagg,Non related
241,rafwiko,Followed by
242,venadojorafa,Followed by
243,Hentaimitsu,Non related
244,oscarh_d,Non related
245,lauruizv,Non related
246,tusputxsmuertxs,Non related
247,fabiobianchini_,Non related
248,dalma_mb,Non related
249,vavramusic,Non related
250,LzVictoria,Non related
251,Rangerkun,Non related
252,soloxjoderr,Non related
253,cardi_bii,Non related
254,Chrehx,Non related
255,botatecabron,Non related
256,daniela12luna,Non related
257,dianxlime,Non related
258,missdramas,Non related
259,FemmeNormaleX,Non related
260,alvaroengels,Non related
261,mircglez,Non related
262,COOPERMENDI,Non related
263,Noemi__Amador,Non related
264,naguayaba,Non related
265,FelisaFdez22,Non related
266,thedvke,Non related
267,81jayeff,Non related
268,st5iJMYrOO1Nti2,Non related
269,d0wnt0wn4,Non related
270,umtiticabron,Non related
271,sergyl0r,Non related
272,nahucastillog_,Non related
273,perricao,Followed by
274,ManuMoranteSola,Non related
275,fragonetaroja,Non related
276,Slimefella,Non related
277,CamilaDcima2,Non related
278,pinwimemes,Non related
279,titoalexisss,Non related
280,__aguaviva,Followed by
281,GYGY78941832,Non related
282,SamuRomero01,Non related
283,thaisriverx,Non related
284,AcordeKafkiano,Non related
285,kahlobae,Non related
286,DeBluMusic,Non related
287,adtziouras,Non related
288,lPECULIARl,Non related
289,gatofresi,Followed by
290,itspecheneg,Non related
291,McLoveenPunk,Non related
292,SkayBreak,Non related
293,__tamarind0,Non related
294,eres_mimundo,Non related
295,KevdriveKev,Non related
296,AwitaBoy,Non related
297,erikseher,Non related
298,xaramagua,Non related
299,diegoromerohz,Non related
300,Nicky2016_,Non related
301,Andyelmessy,Non related
302,oniboixx,Non related
303,xpevensiex,Non related
304,CoriCoriasso,Non related
305,Kalihue1,Non related
306,CristianHdezz98,Non related
307,Ingrid__Padilla,Non related
308,tenerifedeboda,Non related
309,Eustakiaso,Non related
310,MalaFama__,Non related
311,ibenesuela,Followed by
312,LimonMalote,Non related
313,franjunior98,Non related
314,raquel__rp,Non related
315,sebalyce_,Non related
316,Hekate___,Non related
317,rual_iuuu,Followed by
318,Hechizate,Non related
319,ESuarezzH,Non related
320,MrRobot_es_,Non related
321,kikawenk,Non related
322,papadeluxe_,Non related
323,Barrancondo,Followed by
324,Bleidd_Soul,Non related
325,asaf_zanzuri,Non related
326,CajaTATA,Non related
327,revolutsgat,Non related
328,Perricaokid,Non related
329,jessicatobajaa,Non related
330,diseselo,Non related
331,love_____sosa,Followed by
332,morzz07,Non related
333,TitoTSK,Non related
334,JayGalaxia,Non related
335,Yabumethod,Non related
336,aiaherrod,Non related
337,__bananu__,Non related
338,laura_4ra_,Non related
339,Jesus_perez_rod,Non related
340,elquerayatodo,Non related
341,tacostarte,Non related
342,afritanos,Non related
343,lpa_dates,Non related
344,LadrogaLab,Non related
345,Tostadarius,Non related
346,larecicladoraa,Non related
347,_tlyis,Non related
348,Respawngb,Non related
349,arepera23,Non related
350,nosealgoalgo,Non related
351,FlejePacifico,Non related
352,warroniatica,Non related
353,isabeeltoledo,Non related
354,nichelrico,Non related
355,fedeljoyero,Non related
356,rociohb95,Non related
357,sobrancabron,Non related
358,adr__x,Non related
359,fulldestrabado,Followed by
360,tamponiatica,Non related
361,Sheishieteosho,Non related
362,palchoso,Non related
363,HariPandora,Non related
364,Eradarn,Non related
365,romenmb_,Non related
366,LaKrlotita,Non related
367,agusscont,Non related
368,Patri_pazyamor,Non related
369,Ineeslucia,Non related
370,prissmrn,Non related
371,niosanz,Non related
372,dotorabisman,Non related
373,Guille__CI,Non related
374,SoySara,Non related
375,daana_gm,Non related
376,ClaraVeintitres,Non related
377,YisusIsBack,Non related
378,PCCanarias,Non related
379,mesuaelpingote,Non related
380,titicoca_,Non related
381,outalbis,Non related
382,daelowkey,Non related
383,AravakaThunders,Non related
384,Todo_NBA_,Non related
385,lagrima363,Non related
386,aibaweno,Non related
387,gamalielherna18,Non related
388,otravezBeret,Non related
389,mmariachinea,Non related
390,celianavil,Non related
391,ClapFree,Non related
392,wilfredo_bonito,Non related
393,zeiwhegendrec12,Non related
394,Abraham_Cete,Non related
395,UndercanOficial,Non related
396,NoSoyRacistaDT,Non related
397,SrtoLiteratuura,Non related
398,CunadoDel,Non related
399,irene_domingz,Non related
400,Rapsmadriz,Non related
401,Elenco_music,Non related
402,Lobo_Tricolor,Non related
403,RapEnVena16,Non related
404,Mariadl3_,Non related
405,emiliopereziu,Non related
406,JuanraGil1,Non related
407,MatiasPratsTw,Non related
408,RapCantabria,Non related
409,ventajas_de,Non related
410,Mari0_GO,Non related
411,Robbinrock99,Non related
412,LoMejorDeSwan,Non related
413,webpcpe,Non related
414,aldibratial,Non related
415,PaIestina,Non related
416,AntifasU,Non related
417,SUBURBANEASTGND,Non related
418,BenjahTube,Non related
419,CeliaNavilL,Non related
420,RapCantabria,Non related
421,ventajas_de,Non related
422,Mari0_GO,Non related
423,Robbinrock99,Non related
424,LoMejorDeSwan,Non related
425,webpcpe,Non related
426,aldibratial,Non related
427,PaIestina,Non related
428,AntifasU,Non related
429,SUBURBANEASTGND,Non related
430,BenjahTube,Non related
431,CeliaNavilL,Non related
